שם יישוב,סמל היישוב,סך הכל,רכב פרטי,משאית סך הכל,משאית עד 4.0 טון עד 2008 משאית עד 3.5 טון החל ב- 2009,משאית מ - 4.1 עד 15.9 טון עד 2008 משאית מ - 3.6 עד 12.0 טון החל ב- 2009,משאית + 16.0 טון עד 2008 משאית + 12.1 טון החל ב- 2009,אוטובוס,מונית,אופנוע,רכב מיוחד,אוטובוס זעיר קיים מ - 1993
אביחיל,175,652,566,52,41,11,-,-,1,27,5,1
אבן יהודה,182,6583,5714,534,400,97,37,8,13,283,4,27
אבן שמואל,400,437,396,36,24,6,6,-,1,4,-,-
אבו גוש,472,2200,1880,221,184,25,12,4,12,66,-,17
אבו סנאן,473,4985,4137,697,520,92,85,-,34,104,3,10
אבטין,652,941,746,164,137,11,16,3,12,16,-,-
אביאל,679,391,286,70,45,20,5,-,-,29,1,5
אבן ספיר,783,300,254,34,24,8,2,1,3,7,-,1
אביגדור,819,405,316,73,39,22,12,-,2,13,-,1
אביעזר,1070,299,270,27,25,2,-,-,-,2,-,-
אבן מנחם,1081,186,153,25,14,3,8,-,-,8,-,-
אביבים,1115,271,208,52,14,5,33,-,1,8,-,2
אבירים,1220,126,96,23,13,2,8,-,-,6,1,-
אבטליון,1275,170,150,14,12,2,-,-,-,6,-,-
אבו קורינאת (יישוב),1342,90,78,7,7,-,-,-,-,2,-,3
אבו תלול,1375,20,16,4,4,-,-,-,-,-,-,-
אביטל,2052,268,199,64,32,12,20,-,-,4,-,1
אבנת,3786,38,35,2,2,-,-,-,-,1,-,-
אבני חפץ,3793,488,419,54,46,7,1,-,1,14,-,-
אבני איתן,4011,282,213,57,49,8,-,1,-,10,1,-
אופקים,31,6974,6108,560,391,114,55,83,35,132,3,53
אור הנר,67,306,271,23,17,6,-,-,-,12,-,-
אדירים,113,134,89,34,13,9,12,-,-,9,-,2
אודים,446,624,501,77,64,10,3,-,3,43,-,-
אומץ,680,346,285,49,40,7,2,-,1,10,1,-
אורה,780,523,413,75,49,26,-,1,1,32,-,1
אור עקיבא,1020,6490,5712,563,391,130,42,15,35,140,4,21
אוהד,1046,170,144,24,13,5,6,-,-,2,-,-
אדמית,1068,172,145,18,16,2,-,-,3,6,-,-
אומן,1108,184,156,16,11,2,3,-,2,9,-,1
אדרת,1123,298,254,35,22,7,6,1,2,3,-,3
אור הגנוז,1294,101,88,9,9,-,-,-,-,4,-,-
אבשלום,1311,105,87,18,17,1,-,-,-,-,-,-
אום בטין,1358,420,316,93,88,4,1,-,-,1,-,10
אורות,2012,254,208,38,33,4,1,-,-,8,-,-
אום אל-קוטוף,2024,427,360,53,40,6,7,-,1,3,-,10
אור יהודה,2400,15017,11262,1441,909,300,232,807,362,750,18,377
אום אל-פחם,2710,18531,14911,2794,2167,417,210,39,36,618,8,125
אדורה,3759,169,134,33,15,5,13,1,-,1,-,-
אודם,4010,98,71,19,17,2,-,-,-,8,-,-
אילנייה,49,282,224,47,37,9,1,1,-,10,-,-
איילת השחר,77,404,339,53,46,7,-,-,-,12,-,-
אושה,278,164,130,23,14,8,1,-,-,11,-,-
אילון,294,445,389,44,38,6,-,-,-,12,-,-
איבים,338,9,8,1,1,-,-,-,-,-,-,-
אורים,403,125,114,9,2,7,-,-,1,-,1,-
אזור,565,6353,4849,802,511,188,103,35,73,482,95,17
אייל,716,222,201,18,17,1,-,-,-,3,-,-
אחיהוד,785,385,304,70,37,16,17,-,5,5,-,1
אחיעזר,797,654,564,53,40,13,-,-,-,35,-,2
אחיסמך,804,819,546,266,82,52,132,1,-,5,-,1
אחוזם,821,244,171,61,29,10,22,-,1,10,-,1
אחיטוב,850,533,388,114,85,19,10,-,-,31,-,-
אורנים,882,1,-,1,1,-,-,-,-,-,-,-
אילות,1126,149,87,34,25,4,5,20,-,7,-,1
אחווה,1157,108,100,5,2,1,2,-,-,2,-,1
אחוזת ברק,1330,984,874,65,49,7,9,-,4,41,-,-
אילת,2600,19924,15988,1833,1274,378,181,58,504,1468,27,46
אורנית,3760,4110,3565,317,238,68,11,1,22,201,2,2
אורטל,4013,133,111,20,20,-,-,-,-,2,-,-
איתן,37,177,132,43,29,12,2,-,-,2,-,-
אליכין,41,1585,1340,133,107,20,6,14,4,67,4,23
אלונים,285,246,213,12,10,2,-,-,1,20,-,-
אלומות,330,142,131,9,9,-,-,-,-,2,-,-
אלוני אבא,429,426,379,33,26,7,-,-,-,14,-,-
אכסאל,478,5543,4279,1027,775,156,96,23,21,171,4,18
אלוני יצחק,868,23,19,3,3,-,-,-,-,-,-,1
אלומה,1145,83,74,7,7,-,-,-,-,1,-,1
אלון הגליל,1182,494,438,44,36,7,1,-,-,12,-,-
אל -עריאן,1316,61,56,3,3,-,-,-,1,1,-,-
אירוס,1336,213,180,12,11,1,-,-,1,20,-,-
אל -עזי,1339,25,19,6,6,-,-,-,-,-,-,-
אל סייד,1359,93,67,24,14,3,7,-,-,-,-,2
אליאב,1365,88,77,8,6,2,-,-,-,3,-,-
אלון מורה,3579,433,346,64,53,11,-,-,-,9,2,12
אלון שבות,3604,1223,854,139,113,23,3,149,-,17,1,63
איתמר,3762,299,238,36,29,6,1,1,-,22,-,2
אלי-עד,4002,232,158,58,45,11,2,-,-,14,-,2
אל -רום,4003,169,138,27,27,-,-,-,-,4,-,-
אלוני הבשן,4017,132,112,19,17,1,1,-,-,1,-,-
אמציה,23,150,129,19,16,3,-,-,-,-,1,1
אלישיב,204,330,282,29,26,3,-,4,2,11,1,1
אעבלין,529,4951,3975,838,613,158,67,5,24,82,2,25
אלקוש,603,165,139,23,17,1,5,-,1,2,-,-
אליקים,682,340,276,36,25,10,1,1,4,22,-,1
אליפלט,730,368,260,72,33,13,26,10,4,13,-,9
אמונים,772,515,392,100,60,24,16,-,2,19,-,2
אלישמע,841,676,472,147,79,26,42,-,2,53,1,1
אמירים,1064,323,292,27,25,1,1,-,-,3,-,1
אלמגור,1125,225,157,64,57,6,1,-,1,3,-,-
אליפז,1248,52,42,7,6,1,-,-,-,3,-,-
אמנון,1253,206,168,32,22,4,6,-,-,6,-,-
אלעד,1309,6162,5141,572,495,72,5,10,39,358,3,39
אלמוג,3556,115,104,7,5,1,1,-,-,4,-,-
אלקנה,3560,1489,1370,83,61,17,5,-,3,29,4,-
אלעזר,3618,722,611,84,79,5,-,-,-,26,-,1
אלפי מנשה,3750,3625,3130,294,229,62,3,-,23,172,2,4
אספר,3754,134,113,17,16,-,1,-,-,4,-,-
אניעם,4012,282,229,39,37,2,-,-,-,14,-,-
אפיק,4301,123,97,18,13,5,-,-,-,7,-,1
אשדוד,70,61546,54009,4954,2847,1115,992,160,698,1313,56,356
אשבול,71,210,183,19,14,3,2,-,1,6,1,-
אפיקים,176,343,278,57,23,7,27,-,-,8,-,-
אשדות יעקב (מאוחד),188,209,182,21,17,2,2,-,-,6,-,-
אשדות יעקב (איחוד),199,331,289,30,21,2,7,-,-,8,4,-
אפק,313,236,204,19,15,3,1,-,1,11,1,-
ארבל,701,322,249,53,40,9,4,-,-,20,-,-
ארז,714,212,190,14,10,4,-,-,-,8,-,-
אשתאול,740,562,371,145,116,20,9,2,4,9,28,3
אשלים,1152,227,183,30,20,6,4,-,2,12,-,-
אשחר,1188,277,254,17,15,2,-,-,-,6,-,-
אשרת,1256,521,346,169,19,2,148,-,1,5,-,-
אשבל,1276,8,6,2,2,-,-,-,-,-,-,-
ארסוף,1324,95,77,14,11,2,1,-,-,4,-,-
אשל הנשיא,2021,50,47,-,-,-,-,-,-,3,-,-
אריאל,3570,6339,5512,437,320,101,16,102,46,203,5,34
ארגמן,3598,88,71,13,12,1,-,-,-,4,-,-
אפרת,3650,3177,2939,181,154,26,1,-,-,52,-,5
אשכולות,3722,178,160,8,7,1,-,-,-,10,-,-
אשקלון,7100,48087,41382,4298,2765,814,719,449,448,1276,60,174
באר אורה,21,275,235,24,22,1,1,-,3,13,-,-
באר טוביה,155,709,506,184,96,68,20,-,-,16,-,3
ביצרון,234,616,484,105,82,16,7,-,-,26,-,1
בירייה,368,376,309,43,33,9,1,1,3,20,-,-
בארי,399,221,194,15,13,2,-,-,-,12,-,-
בארות יצחק,450,149,91,44,23,7,14,-,-,14,-,-
בועיינה-נוג'ידאת,482,3210,2656,427,317,47,63,33,5,31,19,39
בוסתן הגליל,559,498,396,71,58,9,4,-,1,30,-,-
בארותיים,697,520,429,67,46,14,7,-,-,24,-,-
בורגתה,698,518,429,71,52,16,3,-,2,16,-,-
בטחה,762,305,267,25,15,4,6,-,3,3,5,2
ביר אל-מכסור,998,3271,2614,546,460,30,56,38,2,23,4,44
באר מילכה,1278,64,33,28,26,2,-,-,-,3,-,-
ביר הדאג',1348,265,147,108,104,3,1,-,-,5,-,5
באר גנים,1376,479,403,59,41,12,6,3,2,11,-,1
בחן,2043,326,292,14,12,1,1,-,-,19,1,-
באר יעקב,2530,8692,7512,611,433,129,49,48,59,380,1,81
בוקעאתא,4001,2554,1857,605,458,94,53,18,9,20,4,41
באקה אל-גרביה,6000,11400,8975,1942,1270,336,336,43,40,297,30,73
באר שבע,9000,72029,61123,7455,4931,1232,1292,841,682,1295,97,536
בית אלפא,95,215,179,24,23,1,-,1,-,11,-,-
בית זרע,143,181,160,15,14,1,-,-,-,6,-,-
בית השיטה,242,566,493,51,39,8,4,-,-,22,-,-
בית אורן,317,166,131,31,26,5,-,-,-,4,-,-
בית הלל,322,373,297,56,48,8,-,-,-,20,-,-
בית זיד,353,28,27,1,1,-,-,-,-,-,-,-
בית הלוי,373,405,328,57,43,13,1,-,-,20,-,-
בית דגן,466,7274,2924,448,347,82,19,3496,54,306,30,16
בית ג'ן,480,4261,3588,591,548,28,15,12,1,22,3,44
בית אלעזרי,562,764,603,113,84,23,6,1,1,45,-,1
בית גמליאל,571,474,392,63,33,21,9,1,1,17,-,-
בית העמק,572,242,201,23,19,4,-,-,2,16,-,-
בית גוברין,619,176,146,13,10,3,-,-,-,17,-,-
בית זית,710,783,683,64,45,15,4,5,2,28,-,1
בית הגדי,723,352,263,87,42,16,29,-,-,1,-,1
בית ברל,1076,27,23,1,-,1,-,-,-,3,-,-
בית אל,3574,1319,1085,193,162,30,1,-,1,36,-,4
בית חורון,3575,446,412,24,16,8,-,-,-,9,-,1
בית הערבה,3645,70,60,6,6,-,-,-,-,4,-,-
בית אריה,3652,2357,1963,221,166,45,10,2,22,142,3,4
בית ניר,16,231,192,28,27,1,-,-,-,11,-,-
בית חנן,159,400,286,82,57,19,6,-,-,32,-,-
בית ינאי,200,245,197,38,29,9,-,-,-,10,-,-
בית עובד,202,201,160,31,26,5,-,-,1,9,-,-
בית צבי,212,17,17,-,-,-,-,-,-,-,-,-
בית יוסף,265,204,169,26,15,2,9,-,-,9,-,-
בית יהושע,288,472,389,55,43,9,3,-,1,26,-,1
בית עוזיאל,301,293,234,49,27,14,8,-,-,10,-,-
בית יצחק-שער חפר,326,1207,979,141,111,28,2,-,2,85,-,-
בית לחם הגלילית,430,413,320,78,58,17,3,-,-,15,-,-
בית קמה,598,390,332,22,19,3,-,8,-,27,1,-
בית עריף,604,490,401,45,33,12,-,12,3,25,-,4
בית נקופה,672,328,252,56,42,11,3,-,2,16,-,2
בית מאיר,751,208,169,37,21,12,4,-,-,2,-,-
בית עזרא,756,557,456,77,41,22,14,6,1,16,1,-
בית נחמיה,784,493,392,73,44,25,4,-,9,19,-,-
בית חנניה,800,444,319,71,36,19,16,-,-,54,-,-
בית חירות,877,384,342,30,25,5,-,-,-,12,-,-
בית חשמונאי,1050,903,799,57,42,10,5,11,5,29,1,1
בית חלקיה,2033,184,155,24,18,6,-,-,-,4,-,1
בלפוריה,94,357,291,47,36,7,4,2,-,12,-,5
בית שערים,248,442,318,113,55,15,43,-,-,11,-,-
ביתן אהרן,252,137,120,14,9,4,1,-,-,3,-,-
בית קשת,365,201,182,17,16,1,-,-,-,1,1,-
בני דרור,386,655,575,53,36,7,10,-,-,25,2,-
בני דרום,592,254,222,24,13,10,1,-,1,7,-,-
בן עמי,712,388,291,55,39,14,2,-,-,42,-,-
בית שקמה,747,453,324,114,44,26,44,-,1,11,3,-
בן זכאי,760,400,312,70,39,17,14,-,6,11,-,1
בית רבן,848,135,124,7,7,-,-,-,-,3,-,1
בן שמן (כפר נוער),1084,86,70,10,4,6,-,-,-,6,-,-
בית רימון,1162,172,156,14,8,6,-,-,-,2,-,-
בני נצרים,1363,148,115,30,24,6,-,-,-,3,-,-
בני דקלים,1368,219,196,20,20,-,-,-,-,2,-,1
בן שמן (מושב),2013,492,404,54,37,15,2,-,1,32,-,1
בית שמש,2610,16463,14286,1415,999,262,154,98,162,382,11,109
ביתר עילית,3780,4129,3512,405,349,47,9,28,2,135,2,45
בני יהודה,4015,512,421,63,41,15,7,-,-,27,-,1
בני ברק,6100,22089,16620,2644,1634,477,533,171,97,2326,72,159
בית שאן,9200,6385,5473,538,369,107,62,45,15,286,5,23
בצרה,389,638,509,84,46,32,6,-,-,42,-,3
בני ציון,418,732,604,103,77,21,5,-,-,25,-,-
ברור חיל,428,363,322,26,22,4,-,-,1,14,-,-
בני עטרות,448,509,391,82,36,27,19,-,-,36,-,-
בענה,483,2925,2342,503,378,76,49,2,3,61,4,10
בני ראם,588,517,434,55,36,16,3,8,1,17,-,2
בצת,589,201,153,33,22,10,1,-,2,13,-,-
בניה,685,462,387,55,35,15,5,-,1,19,-,-
ברכיה,746,512,357,119,63,27,29,24,-,10,2,-
בר גיורא,823,269,232,31,19,10,2,-,-,6,-,-
בקוע,864,321,275,33,23,10,-,-,1,12,-,-
בסמת טבעון,944,2846,2246,480,331,41,108,-,59,55,2,4
"בני עי""ש",1066,3081,2780,200,115,45,40,2,11,78,-,10
בר יוחאי,1191,294,243,41,26,-,15,-,-,8,-,2
"בסמ""ה",1326,3526,2851,537,437,69,31,22,6,42,1,67
ברוש,2060,187,157,26,15,3,8,-,4,-,-,-
בקעות,3612,147,87,37,24,12,1,18,-,4,-,1
ברכה,3710,451,399,47,38,8,1,-,-,4,-,1
ברוכין,3744,199,180,18,17,1,-,-,-,1,-,-
בנימינה-גבעת עדה*,9800,5936,5187,491,380,92,19,2,5,235,-,16
בת שלמה,33,302,245,37,27,9,1,-,-,19,-,1
גבע,86,172,142,21,19,2,-,-,-,9,-,-
ברק,141,231,174,33,21,4,8,-,-,23,1,-
גבולות,352,115,102,8,8,-,-,-,-,5,-,-
גאולים,379,471,377,68,49,14,5,-,1,22,1,2
גבים,424,214,189,14,13,1,-,-,-,10,1,-
ברקאי,617,209,176,24,21,3,-,-,-,9,-,-
ברעם,667,241,197,36,33,-,3,-,-,8,-,-
גבע כרמל,683,729,453,257,78,56,123,-,-,18,-,1
גאליה,853,634,520,72,43,21,8,-,21,21,-,-
גאולי תימן,872,241,162,47,28,3,16,17,-,6,-,9
בת חפר,1319,2299,2012,177,138,33,6,-,8,102,-,-
בת הדר,1323,326,277,34,25,7,2,-,5,10,-,-
בת חן,1361,280,221,43,19,19,5,1,-,15,-,-
גבעולים,2014,224,156,65,25,7,33,1,-,2,-,-
ברקת,2038,583,483,63,47,11,5,-,-,36,1,-
ברקן,3654,1170,753,281,135,105,41,86,4,38,2,6
גבע בנימין,3763,1499,1295,107,85,20,2,7,10,72,1,7
בת עין,3794,394,310,61,51,8,2,-,-,23,-,-
בת ים,6200,38716,31844,2770,2007,608,155,11,788,3222,21,60
גבעת ברנר,147,984,808,93,58,23,12,3,1,79,-,-
גבעת חיים (מאוחד),173,433,389,21,17,4,-,-,1,17,1,4
"גבעת ח""ן",207,258,186,49,33,16,-,-,-,23,-,-
"גבעת ניל""י",360,326,217,84,68,12,4,-,1,24,-,-
גבעת שמש,566,5,3,2,1,-,1,-,-,-,-,-
גבעת שמואל,681,9568,8310,479,380,86,13,3,108,649,8,11
גבעת עוז,703,138,125,11,9,2,-,-,-,2,-,-
גבעת יערים,787,601,525,46,22,9,15,-,2,26,-,2
גבעתי,793,525,366,138,60,36,42,-,-,18,-,3
"גבעת כ""ח",802,424,342,53,32,20,1,-,2,24,1,2
גבעת השלושה,870,343,257,48,30,18,-,2,-,26,10,-
גבעת ישעיהו,919,326,274,42,36,6,-,-,2,8,-,-
גבעת שפירא,1077,154,137,13,9,4,-,-,-,4,-,-
גבעת אלה,1288,1059,996,46,36,10,-,-,1,16,-,-
גבעת אבני,1293,1074,972,58,37,19,2,1,6,36,-,1
גבעות בר,1344,311,293,11,8,2,1,-,1,6,-,-
גבעת חיים (איחוד),2018,467,411,37,30,7,-,-,-,19,-,-
גבעון החדשה,3644,655,582,37,25,9,3,-,2,33,-,1
גבעת זאב,3730,5735,5086,364,255,90,19,9,79,186,-,11
גבעת יואב,4021,353,259,82,64,9,9,-,-,12,-,-
גדות,35,161,139,12,6,6,-,-,-,10,-,-
גבת,133,332,289,29,19,10,-,-,-,14,-,-
גדיש,145,186,95,37,10,11,16,22,4,6,-,22
גיבתון,196,158,135,12,8,4,-,-,3,8,-,-
גינוסר,262,237,208,16,14,2,-,-,-,13,-,-
גברעם,342,170,145,16,11,5,-,-,-,9,-,-
גזר,370,142,121,13,8,3,2,-,-,8,-,-
גדעונה,442,181,161,14,12,2,-,-,-,6,-,-
גזית,457,233,199,18,17,1,-,-,-,16,-,-
ג'ולס,485,2701,2286,277,249,18,10,3,30,98,-,7
גיאה,706,415,336,62,48,12,2,-,3,14,-,-
גילת,736,622,516,66,36,19,11,-,3,37,-,-
גורן,755,261,198,51,30,10,11,-,-,10,-,2
גונן,852,190,175,13,10,3,-,-,-,2,-,-
גיזו,1043,104,84,10,9,1,-,-,4,6,-,-
גילון,1204,479,435,27,24,3,-,-,1,16,-,-
גורנות הגליל,1219,170,105,48,39,5,4,12,-,3,1,1
ג'דיידה-מכר,1292,7193,6094,890,688,131,71,-,17,161,6,25
גדרה,2550,9858,8672,807,569,191,47,2,52,301,6,18
גבעתיים,6300,23677,20042,805,599,154,52,3,145,2666,2,14
גן שמואל,72,249,191,48,28,3,17,-,-,9,-,1
גיניגר,92,256,220,20,14,5,1,-,-,16,-,-
גן שלמה,144,238,187,29,20,8,1,-,-,22,-,-
גן יבנה,166,9651,8421,858,582,176,100,3,77,274,2,16
גן השומרון,225,475,351,109,55,21,33,-,-,14,1,-
גן חיים,239,410,353,43,33,10,-,-,-,14,-,-
גן שורק,311,228,167,45,29,11,5,-,3,13,-,-
גליל ים,346,282,226,18,17,1,-,-,1,37,-,-
גלעד (אבן יצחק),369,109,95,5,3,2,-,-,-,9,-,-
גלאון,393,199,183,8,8,-,-,-,-,8,-,-
גנות הדר,549,499,421,48,34,9,5,-,5,24,-,1
ג'לג'וליה,627,3998,3065,752,585,97,70,7,6,95,7,66
גן יאשיה,734,468,364,89,44,16,29,-,-,15,-,-
גמזו,745,363,320,30,24,6,-,1,-,11,-,1
גינתון,863,485,383,61,43,18,-,-,1,38,-,2
גן הדרום,1072,267,213,45,32,10,3,-,2,7,-,-
גיתה,1206,137,115,17,15,2,-,-,1,3,1,-
גן נר,1274,1290,1117,112,82,19,11,-,1,59,-,1
גלגל,3606,36,28,6,6,-,-,-,-,2,-,-
גיתית,3613,149,116,27,24,3,-,1,-,5,-,-
גפן,39,180,153,26,22,4,-,-,-,1,-,-
גת רימון,128,129,100,15,9,6,-,-,1,13,-,-
גני עם,218,144,127,12,10,1,1,-,-,5,-,-
גני תקווה,229,7971,7046,384,304,61,19,1,42,484,10,4
גשר,305,167,143,19,8,5,6,-,-,4,-,1
גת (קיבוץ),340,233,203,25,21,-,4,-,1,4,-,-
געתון,463,262,238,21,18,3,-,-,-,3,-,-
ג'ש (גוש חלב),487,1490,1238,230,179,43,8,1,2,15,1,3
דאלית אל-כרמל,494,7302,5945,1163,876,206,81,14,20,88,1,71
ג'סר א-זרקא,541,2739,2331,265,246,8,11,15,-,43,-,85
גשר הזיו,574,650,559,63,40,15,8,-,-,27,-,1
ג'ת,628,4590,3964,518,422,50,46,10,9,54,-,35
גנות,836,295,223,53,24,16,13,1,-,18,-,-
געש,842,490,416,52,43,3,6,-,1,21,-,-
גני יוחנן,862,407,323,65,36,15,14,-,-,18,1,-
גני הדר,1103,185,150,24,22,-,2,-,-,10,-,1
גרופית,1129,115,78,31,21,4,6,-,-,6,-,-
גני טל,1371,268,225,33,24,8,1,-,-,10,-,-
גני מודיעין,3823,858,719,87,77,9,1,4,3,40,-,5
גשור,4022,144,113,22,20,2,-,-,-,8,1,-
דגניה א',62,203,180,12,11,1,-,-,-,11,-,-
דגניה ב',79,270,213,39,25,13,1,1,-,17,-,-
דבורה,146,178,137,24,12,8,4,2,1,11,-,3
דלייה,300,347,296,32,30,2,-,-,-,19,-,-
דן,303,328,288,32,18,13,1,-,-,8,-,-
דורות,336,262,223,25,18,7,-,-,1,13,-,-
דברת,407,150,135,9,9,-,-,-,-,6,-,-
דלתון,431,503,336,149,57,18,74,-,1,12,-,5
דחי,475,219,168,49,41,7,1,-,-,2,-,-
דבורייה,489,4088,3196,814,310,77,427,7,3,48,6,14
דייר אל-אסד,490,4521,3564,842,500,105,237,7,2,44,29,33
דייר חנא,492,3747,3106,480,400,51,29,46,17,49,6,43
דייר ראפאת,493,17,10,6,6,-,-,-,-,-,-,1
דור,738,192,157,28,20,6,2,-,-,7,-,-
דבירה,849,307,278,13,12,1,-,-,-,16,-,-
"דוב""ב",1067,296,215,70,22,2,46,-,2,7,1,1
דמיידה,1317,182,128,51,39,3,9,-,1,1,-,1
דישון,2063,210,171,33,21,1,11,-,2,4,-,-
דימונה,2200,11296,9599,1162,869,160,133,68,130,253,6,78
דולב,3747,366,341,18,17,1,-,-,-,6,-,1
הדר עם,191,432,358,57,46,6,5,-,-,17,-,-
הזורע,250,304,273,30,26,4,-,-,-,1,-,-
דפנה,302,299,261,25,20,5,-,-,-,13,-,-
הזורעים,307,319,245,64,34,21,9,-,1,9,-,-
הגושרים,356,319,288,23,22,1,-,-,-,7,-,1
המעפיל,377,314,278,21,18,3,-,-,-,15,-,-
העוגן,423,290,257,20,16,4,-,-,1,12,-,-
החותרים,434,300,271,22,17,4,1,-,-,7,-,-
הבונים,675,183,154,20,17,2,1,-,-,8,-,1
הסוללים,677,490,445,28,23,5,-,9,-,8,-,-
היוגב,684,409,309,75,57,15,3,-,-,25,-,-
האון,702,58,51,6,5,1,-,-,-,1,-,-
הודייה,726,390,266,87,39,26,22,18,-,13,-,6
הושעיה,1186,699,641,41,35,5,1,-,-,16,1,-
הילה,1208,294,244,36,32,4,-,-,-,14,-,-
דקל,1241,162,111,40,25,15,-,-,2,9,-,-
הודיות,1322,19,18,1,1,-,-,-,-,-,-,-
דריג'את,1349,125,82,23,8,5,10,4,2,3,-,11
הר אדר,3769,2041,1806,125,95,23,7,1,4,104,-,1
הוד השרון,9700,27416,24328,1648,1206,334,108,8,99,1263,9,61
זוהר,44,237,168,38,22,8,8,17,2,11,-,1
הראל,464,90,79,8,6,2,-,-,-,3,-,-
זיקים,584,325,285,31,24,6,1,-,-,9,-,-
זיתן,788,722,499,170,53,38,79,-,6,37,3,7
זכריה,799,428,368,46,29,8,9,-,8,5,-,1
זבדיאל,815,221,199,13,9,4,-,-,-,6,-,3
זנוח,816,235,178,46,24,17,5,-,7,3,-,1
זרחיה,818,388,252,122,53,28,41,-,9,4,-,1
זרזיר,975,2218,1871,309,270,21,18,-,6,27,-,5
זמרת,1065,256,183,49,30,13,6,7,1,5,-,11
ורדון,1133,116,105,8,4,1,3,-,-,2,-,1
הררית,1203,193,174,15,13,2,-,-,-,4,-,-
הרדוף,1249,233,215,17,14,2,1,-,-,1,-,-
הר עמשא,1261,65,56,7,6,1,-,-,-,1,-,1
זמר,1290,2932,2294,547,340,73,134,31,2,27,-,31
זרועה,2064,162,142,18,10,2,6,-,-,2,-,-
הר גילה,3603,637,558,46,37,9,-,-,6,27,-,-
ורד יריחו,3639,171,136,13,12,1,-,4,-,9,-,9
הרצלייה,6400,45591,39749,2776,1961,440,375,101,245,2650,21,49
זכרון יעקב,9300,9308,8229,713,515,124,74,10,20,282,6,48
חופית,115,512,452,36,29,6,1,-,-,24,-,-
חולדה,160,408,351,30,15,11,4,-,1,26,-,-
חגלה,205,320,275,31,22,7,2,-,-,12,2,-
חבצלת השרון,235,350,178,150,29,13,108,-,-,18,2,2
חולתה,253,230,202,16,12,3,1,-,-,12,-,-
חורשים,355,144,120,13,6,7,-,-,2,4,5,-
חוקוק,374,213,181,24,20,4,-,-,-,8,-,-
חורפיש,496,2182,1868,252,211,27,14,12,10,16,1,23
חדיד,618,399,329,50,38,12,-,-,2,17,1,-
חוסן,662,511,411,76,42,22,12,-,2,20,-,2
חגור,717,566,436,95,61,28,6,1,-,32,1,1
חבר,1110,223,175,28,20,5,3,-,-,20,-,-
חולית,1239,78,73,4,4,-,-,-,-,1,-,-
חורה,1303,3147,2276,705,536,92,77,24,-,11,3,128
ח'ואלד,1321,151,131,17,12,1,4,-,-,3,-,-
חוסנייה,1332,239,189,44,43,1,-,1,-,1,-,4
חגי,3764,154,138,14,13,1,-,-,-,2,-,-
חד-נס,4026,390,325,45,41,3,1,-,4,16,-,-
חדרה,6500,34942,30505,2713,1865,502,346,60,167,1305,40,152
חולון,6600,101007,86281,6367,4396,1619,352,1397,1492,5184,48,238
חצבה,13,380,260,105,92,11,2,-,-,15,-,-
חפצי-בה,90,240,205,20,18,1,1,-,-,14,-,1
חירות,162,651,549,81,67,7,7,-,-,21,-,-
חיבת ציון,219,346,260,71,47,12,12,-,-,15,-,-
חניתה,280,306,274,15,15,-,-,-,-,17,-,-
חמדיה,343,143,125,12,8,3,1,-,-,6,-,-
חפץ חיים,363,172,156,13,12,1,-,-,-,3,-,-
חצב,700,724,509,190,96,32,62,-,2,20,-,3
חמד,801,431,337,64,29,30,5,-,-,26,-,4
חניאל,807,483,387,52,37,14,1,-,9,34,1,-
חלץ,820,226,165,53,21,5,27,-,1,5,-,2
חמאם,993,538,464,60,47,10,3,3,1,2,3,5
חזון,1047,233,157,71,43,21,7,-,-,3,-,2
חנתון,1257,302,267,26,21,3,2,-,-,9,-,-
חלוץ,1272,188,165,17,15,2,-,-,-,6,-,-
חמרה,3609,94,69,22,20,2,-,-,-,2,-,1
חיננית,3643,328,298,18,16,2,-,-,-,5,-,7
חמדת,3646,58,49,7,6,1,-,-,-,2,-,-
חיפה,4000,123857,108007,11487,7938,2218,1331,898,425,2601,289,150
חספין,4005,345,304,35,34,1,-,-,-,3,-,3
טירת צבי,268,216,180,27,21,6,-,-,-,9,-,-
חצרים,397,161,127,20,19,1,-,-,-,14,-,-
חצור-אשדוד,406,284,250,31,21,1,9,-,-,3,-,-
חרב לאת,422,382,336,32,23,5,4,-,1,12,-,1
טל שחר,462,596,455,120,81,33,6,-,-,21,-,-
טייבה (בעמק),497,672,526,136,103,20,13,-,-,6,-,4
טורעאן,498,5272,3934,1223,667,146,410,69,7,14,10,15
טירת יהודה,663,578,434,104,55,16,33,1,-,25,8,6
טובא-זנגרייה,962,2339,1862,377,242,31,104,41,2,21,3,33
חרוצים,1024,445,372,36,29,6,1,-,11,26,-,-
טל-אל,1181,511,465,31,24,7,-,-,-,14,1,-
חרשים,1209,125,104,15,15,-,-,-,-,6,-,-
חריש,1247,1105,999,63,54,7,2,-,8,34,-,1
חצור הגלילית,2034,3216,2717,352,213,77,62,19,12,77,27,12
טירת כרמל,2100,7431,6558,551,335,140,76,13,131,159,12,7
טירה,2720,11611,9205,2000,1293,349,358,13,46,245,13,89
טייבה,2730,16450,13229,2635,1930,252,453,87,65,175,41,218
חרמש,3717,115,99,10,7,3,-,-,2,4,-,-
חשמונאים,3770,1086,1011,51,47,4,-,-,2,22,-,-
טבריה,6700,14377,12225,1253,841,269,143,44,111,662,15,67
יבנאל,46,1361,1154,173,113,37,23,-,5,28,-,1
"יד רמב""ם",64,601,471,113,63,38,12,1,5,10,-,1
יגור,96,422,349,42,37,4,1,-,-,31,-,-
יד מרדכי,358,294,253,31,26,3,2,-,-,9,-,1
טמרה (יזרעאל),547,574,406,74,56,13,5,56,-,2,1,35
יד בנימין,577,997,885,90,61,24,5,1,-,19,-,2
יד חנה,758,369,310,30,22,8,-,-,-,13,16,-
יד נתן,775,273,211,54,24,19,11,-,-,8,-,-
יגל,798,461,334,73,42,14,17,4,24,14,-,12
יד השמונה,1134,100,79,19,18,1,-,2,-,-,-,-
ידידה,1144,1,-,1,1,-,-,-,-,-,-,-
טללים,1177,151,133,12,11,1,-,-,-,6,-,-
טפחות,1214,197,130,60,21,4,35,-,1,6,-,-
יבול,1232,165,135,26,19,7,-,-,-,4,-,-
יאנוח-ג'ת,1295,2310,1946,317,266,28,23,1,6,25,2,13
יבנה,2660,18527,15872,1753,999,531,223,71,146,601,8,76
טנא,3743,301,263,34,29,4,1,-,-,4,-,-
טלמון,3788,857,760,79,71,6,2,-,-,18,-,-
טמרה,8900,12926,10522,2071,1533,308,230,52,25,167,24,65
יהוד,9400,13810,11782,1038,684,259,95,1,135,841,5,8
יסוד המעלה,29,992,756,197,156,34,7,-,-,39,-,-
יחיעם,409,264,239,18,15,3,-,-,-,6,-,1
יסודות,440,105,92,12,11,1,-,-,-,-,-,1
יזרעאל,452,179,161,16,10,3,3,-,-,2,-,-
יפיע,499,7090,5674,1264,999,167,98,6,25,63,20,38
יסעור,575,277,242,23,19,3,1,-,-,12,-,-
ינוב,753,453,371,63,39,21,3,-,1,15,2,1
יערה,795,383,299,54,36,10,8,6,1,11,-,12
יושיביה,803,159,135,19,16,3,-,-,2,1,1,1
יכיני,811,305,240,55,28,8,19,-,3,6,-,1
יטבתה,866,107,82,17,15,2,-,-,-,8,-,-
יעף,1044,120,112,7,5,2,-,-,-,1,-,-
יודפת,1112,370,305,57,52,5,-,-,-,8,-,-
יעד,1138,308,290,10,10,-,-,-,-,8,-,-
יהל,1158,87,70,13,13,-,-,-,-,4,-,-
יובלים,1226,596,532,52,45,6,1,-,-,12,-,-
יובל,2009,278,228,37,31,4,2,-,-,13,-,-
ינון,2011,602,439,109,66,27,16,10,8,26,-,10
"ייט""ב",3607,118,90,25,23,2,-,-,-,3,-,-
יונתן,4007,198,162,27,24,3,-,-,1,8,-,-
יפעת,134,364,317,33,21,3,9,-,-,14,-,-
ירקונה,183,229,180,19,16,3,-,-,-,30,-,-
יקנעם עילית,240,8150,7484,416,272,80,64,4,29,180,1,36
יקנעם (מושבה),241,761,586,108,67,24,17,19,-,33,-,15
יקום,417,495,356,92,24,47,21,-,-,47,-,-
יפתח,453,260,235,17,16,1,-,-,-,8,-,-
ירכא,502,6568,5163,1158,852,113,193,37,26,91,40,53
יראון,623,147,123,20,18,1,1,-,-,4,-,-
ירחיב,718,526,417,79,49,16,14,-,6,24,-,-
יציץ,759,456,350,81,52,24,5,-,4,9,5,7
ישעי,805,268,221,31,28,3,-,-,2,14,-,-
ישרש,828,566,436,97,49,34,14,-,1,31,-,1
ירוחם,831,2879,2455,327,286,25,16,12,15,47,1,22
ישע,916,231,163,62,28,18,16,-,-,6,-,-
יתד,1227,201,163,33,25,7,1,-,-,5,-,-
ירדנה,2026,192,141,44,19,3,22,-,2,5,-,-
ירושלים,3000,237534,194620,25037,18162,4113,2762,1869,2139,11543,308,2018
יפית,3566,85,73,9,6,3,-,-,-,3,-,-
יקיר,3647,578,538,26,23,3,-,-,-,13,-,1
יצהר,3749,367,305,46,37,7,2,-,-,14,2,-
כדורי,371,82,28,11,2,5,4,37,-,-,-,6
כאבול,504,4252,3570,504,403,70,31,44,6,69,3,56
כאוכב אבו אל-היג'א,505,1479,1298,158,115,30,13,6,5,7,-,5
כברי,576,398,328,34,20,14,-,-,-,36,-,-
כוכב מיכאל,824,451,360,73,45,16,12,-,2,15,1,-
כיסופים,840,82,73,6,4,2,-,-,-,3,-,-
כישור,1153,21,15,4,3,1,-,1,-,-,-,1
כליל,1183,282,222,53,51,2,-,-,-,7,-,-
כמון,1201,288,253,28,25,3,-,-,-,7,-,-
כחל,1210,243,209,29,25,4,-,-,-,5,-,-
כוכב יאיר,1224,5191,4565,411,272,107,32,5,16,186,6,2
כלנית,1229,170,119,44,16,6,22,-,-,7,-,-
כורזים,1252,225,203,18,16,2,-,-,-,4,-,-
כמהין,1291,99,53,40,37,2,1,-,-,6,-,-
כמאנה,1331,416,358,45,41,1,3,-,2,8,-,3
כדיתה,1338,33,25,3,3,-,-,-,-,5,-,-
כחלה,1367,11,11,-,-,-,-,-,-,-,-,-
כנות,2006,206,78,115,54,24,37,-,-,6,7,-
כוכב השחר,3564,533,461,46,44,2,-,-,-,23,-,3
כוכב יעקב,3779,1036,870,93,88,4,1,1,2,59,-,11
כנרת (קבוצה),57,249,214,16,10,3,3,-,-,19,-,-
כנרת (מושבה),63,371,309,49,40,8,1,2,2,9,-,-
כפר גדעון,106,111,69,32,23,4,5,-,-,8,1,1
כפר ברוך,132,255,194,47,38,7,2,-,-,14,-,-
"כפר ביל""ו",177,620,503,87,64,19,4,-,-,30,-,-
כפר ביאליק,220,318,263,45,31,9,5,-,-,9,1,-
כפר גליקסון,310,129,112,11,7,4,-,-,-,6,-,-
כפר בלום,357,366,292,45,30,15,-,3,-,25,-,1
כפר אוריה,364,360,279,60,42,11,7,-,-,13,8,-
כפר גלים,427,45,39,5,4,1,-,-,-,1,-,-
כפר ברא,633,1444,1081,326,184,63,79,3,6,17,1,10
כפר אחים,690,370,306,53,40,11,2,-,1,8,-,2
כפר אביב,857,412,326,72,31,7,34,-,-,14,-,-
כסלון,859,157,135,20,13,7,-,-,2,-,-,-
כעביה-טבאש-חג'אג'רה,978,2028,1650,292,230,37,25,24,1,18,-,43
כסיפה,1059,2000,1393,464,388,22,54,17,4,5,1,116
כסרא-סמיע,1296,2669,2292,307,263,13,31,3,6,27,3,31
כפר בן נון,2010,345,294,41,29,11,1,-,1,9,-,-
כפר אדומים,3638,1377,1188,119,107,12,-,-,2,65,1,2
כנף,4028,212,146,53,44,8,1,1,1,11,-,-
כפר גלעדי,76,288,249,36,24,4,8,-,-,3,-,-
כפר הס,187,673,560,80,66,12,2,-,-,33,-,-
כפר ויתקין,190,1065,870,148,114,22,12,-,-,47,-,-
כפר החורש,192,281,233,42,18,23,1,-,-,6,-,-
כפר חיים,193,330,249,66,47,8,11,-,1,13,-,1
"כפר הרא""ה",217,460,399,54,48,6,-,-,-,6,-,1
כפר המכבי,254,171,144,18,13,3,2,7,-,1,-,1
כפר חיטים,255,338,296,31,20,5,6,-,-,11,-,-
כפר ורבורג,320,627,441,173,65,19,89,-,1,11,1,-
כפר הנשיא,443,279,251,24,21,2,1,-,-,4,-,-
כפר הנגיד,582,648,515,97,59,36,2,-,1,35,-,-
כפר חושן,609,391,313,72,41,13,18,-,-,5,1,-
"כפר חב""ד",696,1305,1119,132,95,35,2,10,1,41,-,2
כפר דניאל,707,300,254,28,20,8,-,-,-,18,-,-
כפר זיתים,786,262,213,22,17,4,1,-,4,23,-,-
"כפר הרי""ף",888,434,360,57,30,8,19,-,1,15,-,1
כפר הנוער הדתי,890,9,9,-,-,-,-,-,-,-,-,-
כפר ורדים,1263,2650,2438,144,118,22,4,-,2,65,1,-
כפר זוהרים,1325,7,5,2,2,-,-,-,-,-,-,-
כפר האורנים,3796,836,753,37,31,6,-,10,-,36,-,-
כפר יחזקאל,85,564,418,90,67,7,16,7,2,38,1,8
"כפר מל""ל",98,196,157,26,21,5,-,-,2,11,-,-
כפר חסידים א',112,418,317,75,51,20,4,-,-,18,1,7
כפר יהושע,140,559,434,98,74,21,3,-,-,26,-,1
כפר יונה,168,8812,7648,653,506,91,56,6,41,458,2,4
כפר יעבץ,170,302,249,37,32,5,-,-,-,16,-,-
כפר ידידיה,233,370,293,46,30,12,4,2,-,29,-,-
כפר מנחם,274,510,430,68,30,32,6,-,1,11,-,-
כפר מסריק,297,208,176,25,24,1,-,-,-,7,-,-
כפר מונש,387,415,328,66,47,13,6,-,-,19,2,-
כפר יאסיף,507,4621,3879,596,466,79,51,4,30,96,1,15
כפר כמא,508,1442,1220,121,98,15,8,3,3,93,-,2
כפר כנא,509,8089,6440,1400,1033,198,169,76,12,76,12,73
כפר מנדא,510,6124,5000,809,615,135,59,33,29,46,7,200
כפר מצר,512,903,706,167,134,19,14,5,1,14,-,10
כפר טרומן,673,538,402,101,61,30,10,-,-,35,-,-
כפר חסידים ב',889,115,103,10,8,2,-,-,-,2,-,-
כפר מימון,1095,252,209,29,25,3,1,-,-,14,-,-
כפר חנניה,1297,316,269,39,28,6,5,1,-,7,-,-
כפר חרוב,4004,230,205,20,17,3,-,-,-,5,-,-
כפר תבור,47,2058,1827,170,112,41,17,1,1,57,1,1
כפר סילבר,107,33,30,2,2,-,-,-,1,-,-,-
כפר פינס,189,200,166,31,24,6,1,-,-,3,-,-
כפר סירקין,249,737,578,104,70,29,5,-,3,52,-,-
כפר שמריהו,267,1331,1180,86,68,17,1,-,2,62,-,1
כפר רופין,295,188,163,10,7,3,-,-,1,14,-,-
כפר נטר,316,604,451,94,73,20,1,2,-,21,-,36
כפר סאלד,345,265,245,10,10,-,-,-,-,10,-,-
כפר קיש,388,291,230,43,33,10,-,-,-,18,-,-
כפר ראש הנקרה,579,529,460,42,39,3,-,-,-,26,-,1
כפר שמאי,605,216,181,27,17,3,7,-,-,8,-,-
כפר קאסם,634,9501,6878,2023,874,451,698,88,89,140,96,187
כפר קרע,654,7939,6405,1305,963,148,194,39,5,147,6,32
כפר שמואל,743,405,336,57,39,15,3,-,1,9,-,2
כפר מרדכי,764,350,286,53,32,16,5,-,-,11,-,-
כפר עזה,845,402,350,22,19,-,3,-,-,30,-,-
כפר רוזנואלד (זרעית),1130,140,122,16,14,2,-,-,-,2,-,-
כפר רות,1166,177,136,36,13,17,6,-,1,3,1,-
כפר עציון,3488,206,174,21,20,1,-,-,-,11,-,-
כפר סבא,6900,63541,57760,3009,2130,540,339,657,214,1808,38,55
כרם בן שמן,88,43,40,1,1,-,-,-,-,2,-,-
להבות הבשן,380,336,296,27,24,3,-,-,-,13,-,-
"כרם מהר""ל",580,491,404,71,62,9,-,-,-,16,-,-
לביא,585,106,75,28,27,1,-,-,-,3,-,-
כרם בן זמרה,664,290,228,50,36,13,1,-,1,11,-,-
להבות חביבה,715,287,246,31,21,10,-,-,2,8,-,-
כרמייה,768,282,232,33,30,1,2,-,-,17,-,-
כרם שלום,1085,29,23,5,3,2,-,-,-,1,-,-
כרם יבנה (ישיבה),1094,51,47,4,4,-,-,-,-,-,-,-
כרמיאל,1139,16278,14180,1236,693,233,310,87,173,437,13,152
כרמים,1198,114,104,8,5,3,-,-,-,2,-,-
לבון,1207,251,221,20,17,3,-,-,-,10,-,-
לבנים,1230,207,181,16,14,2,-,-,4,6,-,-
כרמי יוסף,1264,1095,967,83,69,12,2,-,-,44,-,1
כרכום,1285,300,261,30,23,4,3,-,1,8,-,-
כרמי קטיף,1374,55,50,5,5,-,-,-,-,-,-,-
להב,2023,176,162,11,7,4,-,-,-,3,-,-
כפר תפוח,3572,287,229,48,35,12,1,-,-,9,-,1
כרמל,3656,143,116,25,14,3,8,-,-,-,2,-
כרמי צור,3766,242,205,26,25,1,-,-,-,11,-,-
לכיש,24,392,253,118,92,23,3,-,-,20,1,-
לוזית,52,312,210,31,24,6,1,38,4,4,-,25
מאיר שפיה,102,40,33,3,3,-,-,-,-,4,-,-
לוחמי הגיטאות,595,287,248,26,23,3,-,-,-,13,-,-
לימן,674,360,294,53,38,15,-,-,-,13,-,-
מבוא ביתר,771,364,314,39,37,2,-,-,-,10,-,1
לקיה,1060,3076,2218,681,542,45,94,13,-,14,-,150
מבועים,1080,554,496,40,24,11,5,1,1,15,-,1
מבוא מודיעים,1141,71,55,13,12,1,-,-,-,3,-,-
לוטם,1171,262,241,18,17,1,-,-,-,3,-,-
לפידות,1173,78,66,11,9,2,-,-,-,1,-,-
לוטן,1255,51,44,5,4,1,-,-,-,2,-,-
להבים,1271,2936,2740,128,102,20,6,-,7,59,-,2
לפיד,1310,982,875,53,44,8,1,-,4,50,-,-
מבואות ים,1318,18,18,-,-,-,-,-,-,-,-,-
מאור,2055,582,498,59,47,10,2,1,1,21,1,1
מבוא דותן,3569,172,141,23,19,3,1,-,1,6,-,1
מבוא חורון,3709,724,584,127,73,45,9,-,-,11,-,2
מבוא חמה,4204,202,168,26,23,3,-,-,-,7,1,-
לוד,7000,59851,55103,3460,2607,576,277,135,264,615,30,244
מגדל,65,806,642,116,75,29,12,-,5,41,-,2
מגל,375,411,362,35,24,10,1,-,-,13,1,-
מגאר,481,8013,6750,1078,881,114,83,20,19,55,9,82
מג'ד אל-כרום,516,5082,4224,717,506,123,88,16,8,83,6,28
מבקיעים,573,193,172,15,11,4,-,-,-,5,-,1
מגידו,586,279,246,28,22,4,2,-,-,5,-,-
מגדים,689,576,460,98,65,16,17,-,1,16,1,-
מגן,695,257,178,56,55,1,-,7,-,15,1,-
מגשימים,722,608,448,106,65,39,2,-,2,52,-,-
מבטחים,829,315,211,95,51,15,29,-,-,7,-,2
מגדל העמק,874,8236,7261,676,360,205,111,20,25,225,1,28
מדרשת רופין,897,24,5,3,2,1,-,16,-,-,-,-
מבשרת ציון,1015,11282,10052,659,457,134,68,33,136,380,6,16
מדרשת בן גוריון,1140,644,522,105,75,30,-,-,-,17,-,-
מגן שאול,1155,270,214,47,34,11,2,-,-,6,-,3
מדרך עוז,2029,336,264,53,46,7,-,-,1,18,-,-
מגדל עוז,3561,66,51,12,11,1,-,-,-,3,-,-
מגדלים,3751,104,97,6,6,-,-,-,-,1,-,-
מודיעין עילית,3797,3717,3117,414,368,36,10,29,9,109,-,39
מג'דל שמס,4201,4912,3636,1183,918,184,81,4,5,43,7,34
מזכרת בתיה,28,6046,5379,357,268,66,23,4,51,246,6,3
מטולה,43,895,739,130,96,27,7,-,1,24,-,1
מזרע,104,274,232,25,19,5,1,-,-,17,-,-
מוצא עילית,208,501,447,36,28,6,2,-,1,16,-,1
מולדת,269,416,361,38,31,7,-,-,-,16,-,1
מחניים,308,289,260,22,18,4,-,-,1,6,-,-
מזרעה,517,1539,1205,222,162,42,18,1,4,105,-,2
מזור,606,642,511,94,67,21,6,-,1,36,-,-
מוקייבלה,635,1489,1018,254,176,24,54,74,1,32,-,110
מייסר,649,766,646,102,97,4,1,-,-,15,-,3
מחסיה,776,167,141,20,16,4,-,-,1,4,1,-
מטע,822,314,276,32,30,2,-,-,-,6,-,-
מי עמי,1128,165,150,12,11,1,-,-,-,3,-,-
מורן,1163,206,179,19,17,2,-,-,1,7,-,-
מורשת,1178,487,449,28,24,4,-,-,-,9,-,1
מחנה יתיר,1196,60,54,6,5,1,-,-,-,-,-,-
מודיעין-מכבים-רעות*,1200,32859,30294,1480,1024,375,81,20,161,834,24,46
מיטב,2054,269,209,48,21,7,20,-,-,10,-,2
מחולה,3599,178,159,14,11,3,-,-,-,5,-,-
מיצר,4019,91,70,17,14,2,1,-,-,4,-,-
מנחמיה,48,566,445,69,49,18,2,3,2,38,-,9
מלאה,164,178,138,27,19,6,2,-,-,12,-,1
מסדה,263,135,120,11,10,1,-,-,-,4,-,-
מנרה,347,109,86,15,12,1,2,-,-,8,-,-
מכמורת,382,684,592,70,52,15,3,-,-,22,-,-
מלכייה,596,173,150,17,12,5,-,-,-,5,-,1
מירון,607,251,202,39,15,5,19,-,-,9,1,-
מישר,731,379,305,59,18,28,13,-,1,14,-,-
מנשית זבדה,994,453,329,113,77,19,17,-,3,7,-,1
מלכישוע,1154,16,11,4,4,-,-,-,-,1,-,-
מנוף,1174,319,289,22,21,1,-,-,-,8,-,-
מכמנים,1202,196,168,14,11,3,-,1,-,12,-,1
מנות,1205,227,198,22,17,1,4,-,1,6,-,-
מסד,1258,216,189,21,15,5,1,-,-,6,-,-
מיתר,1268,3797,3477,209,178,29,2,2,11,94,3,1
מירב,1282,174,153,16,15,1,-,-,-,5,-,-
מכחול,1343,34,24,9,9,-,-,-,-,-,-,1
מנוחה,2030,240,191,44,22,17,5,-,1,4,-,-
מלילות,2044,151,122,22,14,3,5,-,3,3,1,-
מכורה,3614,71,58,10,9,1,-,-,-,3,-,-
מעברות,197,314,164,122,21,4,97,-,-,25,3,-
מעוז חיים,272,232,187,31,25,6,-,-,-,14,-,-
מעלה החמישה,286,270,237,25,19,2,4,-,1,7,-,-
מעיין צבי,290,299,282,12,11,1,-,-,-,5,-,-
מסילות,298,183,162,16,13,2,1,-,-,5,-,-
מעיין ברוך,416,259,230,17,17,-,-,1,1,10,-,-
מעיליא,518,1620,1295,295,233,27,35,2,2,18,2,6
מעונה,570,468,354,99,43,21,35,-,-,15,-,-
מעגן,678,1165,821,326,207,62,57,7,-,11,-,-
מעגן מיכאל,694,402,326,59,51,7,1,-,-,16,1,-
מסילת ציון,742,409,373,31,22,9,-,-,-,4,1,-
מסלול,748,307,247,43,28,7,8,-,3,13,-,1
מעגלים,1082,651,499,141,61,14,66,-,6,4,-,1
מעלה גלבוע,1127,166,158,6,6,-,-,-,-,2,-,-
מעלה אפרים,3608,460,404,34,24,8,2,1,-,20,-,1
מעלה אדומים,3616,12804,11431,734,493,171,70,26,151,398,6,58
מעון,3657,156,135,16,15,1,-,-,-,5,-,-
מעלה לבונה,3752,168,141,23,22,1,-,-,-,3,-,1
מעלה גמלא,4008,294,207,70,64,5,1,-,-,17,-,-
מסעדה,4203,1753,1216,509,418,62,29,2,-,11,1,14
מקווה ישראל,22,82,65,12,11,1,-,-,-,4,-,1
מצפה,58,81,65,14,8,6,-,-,-,1,-,1
מצפה רמון,99,1502,1232,219,201,17,1,4,-,41,-,6
מעש,230,526,438,49,33,13,3,-,1,38,-,-
מצובה,325,481,425,34,26,8,-,-,-,21,1,-
מענית,344,309,263,27,16,4,7,-,-,19,-,-
מצר,648,197,174,18,13,5,-,-,-,5,-,-
מפלסים,668,280,239,27,21,6,-,-,-,14,-,-
מצליח,757,696,560,108,60,37,11,1,4,22,1,-
מעלות-תרשיחא,1063,7605,6680,633,486,107,40,39,21,188,2,42
מצפה נטופה,1190,325,304,17,16,1,-,-,-,4,-,-
"מצפה אבי""ב",1222,475,388,53,46,7,-,8,1,21,-,4
מעלה עירון,1327,5093,4059,921,692,146,83,4,2,71,11,25
מצפה אילן,1370,75,74,1,1,-,-,-,-,-,-,-
מצפה יריחו,3576,537,463,57,52,5,-,-,1,15,-,1
מצפה שלם,3610,74,63,8,8,-,-,-,-,3,-,-
מעלה שומרון,3637,327,284,33,26,5,2,-,-,10,-,-
מעלה מכמש,3651,427,371,42,30,12,-,-,-,14,-,-
מעלה עמוס,3653,98,88,8,6,2,-,-,-,2,-,-
מצדות יהודה,3745,143,124,12,12,-,-,-,-,7,-,-
מרחביה (קיבוץ),66,477,390,60,19,12,29,-,1,26,-,-
מרחביה (מושב),97,367,293,53,36,15,2,-,-,21,-,-
משמר העמק,130,295,253,35,32,-,3,-,-,7,-,-
משמר השרון,194,212,186,20,17,3,-,-,-,6,-,-
משגב עם,378,142,122,13,11,2,-,-,-,7,-,-
משמר הנגב,395,348,271,63,17,11,35,-,-,14,-,-
משאבי שדה,421,133,123,5,4,1,-,-,-,5,-,-
משהד,520,2882,2098,750,420,77,253,6,7,9,-,12
משמר דוד,563,288,265,17,12,3,2,-,-,6,-,-
משואות יצחק,620,250,224,15,11,-,4,-,-,11,-,-
משמר איילון,670,309,237,57,39,18,-,-,2,13,-,-
משמר השבעה,729,593,445,105,51,47,7,-,5,37,1,-
משמר הירדן,732,368,307,53,41,8,4,1,-,6,-,1
משגב דב,765,355,293,44,28,15,1,-,-,18,-,-
מרגליות,843,252,194,52,37,5,10,-,1,4,-,1
מרכז שפירא,1098,785,724,54,40,8,6,1,1,4,-,1
מרחב עם,1340,112,92,18,18,-,-,-,-,-,-,2
משואה,3605,121,74,43,37,6,-,-,-,4,-,-
משכיות,3785,55,44,10,10,-,-,-,-,-,-,1
מרום גולן,4101,327,268,53,45,4,4,-,-,5,-,1
נוגה,55,268,181,79,46,20,13,-,3,5,-,-
נהלל,80,962,761,170,121,35,14,-,2,27,-,2
משמרות,213,327,274,34,29,5,-,-,-,19,-,-
נהורה,309,707,510,94,42,27,25,21,38,20,3,21
נגבה,315,321,282,21,17,4,-,-,1,17,-,-
נבטים,396,374,341,24,12,6,6,-,-,9,-,-
נאות מרדכי,408,246,215,21,21,-,-,-,-,10,-,-
משמרת,425,507,397,79,59,17,3,-,-,30,1,-
נאעורה,524,899,625,262,157,28,77,-,2,6,-,4
נווה אור,590,172,144,18,18,-,-,-,-,10,-,-
משען,791,485,364,104,55,22,27,-,1,12,4,-
נאות הכיכר,1124,141,109,23,21,2,-,-,-,9,-,-
מתת,1184,93,72,19,17,2,-,-,-,2,-,-
נאות סמדר,1197,50,36,13,13,-,-,-,-,1,-,-
מתן,1315,1466,1289,92,71,20,1,-,7,77,-,1
מתתיהו,3648,131,117,10,8,2,-,-,-,4,-,-
נגוהות,3724,70,56,14,11,2,1,-,-,-,-,-
נוב,4304,296,229,56,54,2,-,-,-,11,-,-
נאות גולן,4551,282,215,52,45,6,1,-,1,14,-,-
נהרייה,9100,20309,17635,1385,909,284,192,169,78,958,23,61
נועם,15,185,140,40,16,9,15,-,2,1,-,2
נווה איתן,296,104,86,13,11,2,-,-,1,4,-,-
נווה ים,312,124,114,7,3,3,1,-,1,2,-,-
נווה אילן,405,402,368,19,16,2,1,-,1,14,-,-
נווה ימין,686,897,604,250,103,64,83,-,-,33,10,-
נווה מבטח,827,371,297,56,36,19,1,-,-,18,-,-
נווה ירק,858,667,516,93,67,16,10,14,6,34,4,-
נווה זוהר,1057,41,25,9,8,1,-,3,-,3,1,-
נצרת עילית,1061,14526,13037,1139,804,229,106,31,49,218,6,46
נווה מיכאל,1071,265,215,31,22,5,4,8,2,4,-,5
נווה שלום,1259,134,122,7,7,-,-,-,-,5,-,-
נווה חריף,1279,46,40,4,4,-,-,-,-,2,-,-
נופית,1284,1343,1206,90,64,18,8,-,2,37,8,-
נווה זיו,1314,319,296,19,15,4,-,-,-,4,-,-
נוף איילון,1333,786,718,41,36,2,3,-,-,27,-,-
נווה,1366,150,127,20,19,1,-,-,-,2,-,1
חלמיש,3573,420,369,32,32,-,-,-,-,19,-,-
נווה דניאל,3725,752,684,52,45,4,3,-,-,16,-,-
נופים,3790,278,244,21,19,1,1,-,2,10,-,1
"נווה אטי""ב",4303,110,76,31,23,7,1,-,-,2,-,1
נחושה,59,356,309,40,34,6,-,-,-,6,-,1
נטעים,174,384,327,34,22,12,-,-,-,23,-,-
נופך,257,213,185,18,13,4,1,-,-,10,-,-
נחשולים,433,293,253,32,29,2,1,-,-,7,-,1
נורדייה,447,913,811,68,48,18,2,-,-,34,-,-
נחלים,449,642,508,65,44,18,3,25,1,20,-,23
נחף,522,3986,3271,625,535,71,19,3,7,56,9,15
ניין,523,670,489,126,72,12,42,8,5,6,1,35
נחשונים,705,259,174,68,45,15,8,-,-,16,1,-
נחשון,777,201,192,7,6,1,-,-,-,2,-,-
נחם,809,238,194,28,22,4,2,1,2,12,-,1
נורית,833,37,34,1,1,-,-,-,-,2,-,-
נחל עוז,844,158,141,12,12,-,-,-,-,5,-,-
נטועה,1147,160,125,27,14,12,1,-,1,5,-,2
נטף,1254,243,209,26,24,2,-,-,-,8,-,-
נטע,1369,110,99,11,10,1,-,-,-,-,-,-
נחלה,2045,287,242,38,20,13,5,4,1,-,-,2
נוקדים,3726,569,487,56,46,9,1,-,-,25,-,1
נחליאל,3767,128,109,13,11,2,-,-,-,6,-,-
נטור,4014,143,111,29,24,4,1,-,-,3,-,-
"ניר ח""ן",11,275,211,57,35,16,6,-,-,7,-,-
ניר עוז,69,117,87,20,18,1,1,-,-,10,-,-
ניר יפה,165,270,219,32,24,5,3,-,-,13,-,6
ניר דוד (תל עמל),256,310,264,36,35,1,-,-,-,9,1,-
ניר עם,348,165,148,14,13,1,-,-,-,3,-,-
ניצן,351,640,573,58,46,7,5,-,1,7,-,1
ניצנים,359,157,146,8,7,1,-,-,-,3,-,-
ניר יצחק,402,137,122,8,7,1,-,-,-,7,-,-
ניר בנים,553,326,262,42,32,10,-,-,-,22,-,-
ניר ישראל,699,382,333,34,27,5,2,-,-,15,-,-
ניר גלים,720,403,326,74,22,6,46,-,-,3,-,-
ניר עציון,769,193,163,27,20,6,1,-,-,2,1,-
ניר אליהו,808,215,181,25,21,4,-,-,-,9,-,-
ניצני עוז,851,593,438,114,65,45,4,-,3,38,-,-
ניצנה (קהילת חינוך),1195,31,28,1,1,-,-,-,-,1,-,1
ניצני סיני,1280,132,92,36,27,4,5,-,-,4,-,-
ניצן ב',1419,520,418,79,43,14,22,2,3,16,1,1
ניר משה,2047,231,194,26,24,2,-,1,-,9,-,1
ניר עקיבא,2048,305,252,49,33,11,5,-,-,4,-,-
"ניל""י",3655,658,563,57,49,8,-,-,3,30,-,5
נען,158,562,492,34,30,3,1,-,-,36,-,-
נעורים,186,55,48,3,3,-,-,-,-,4,-,-
נתיבות,246,8818,7504,997,655,194,148,37,81,118,10,71
ניר צבי,331,69031,66651,2323,2165,107,51,1,-,54,2,-
נצר סרני,435,376,307,52,29,19,4,-,1,16,-,-
נירים,602,176,157,14,12,2,-,-,-,5,-,-
"נתיב הל""ה",693,219,191,15,12,3,-,-,3,10,-,-
נתיב השיירה,792,290,242,32,23,8,1,-,1,15,-,-
נס הרים,825,540,425,95,45,8,42,-,3,14,2,1
נס עמים,1143,124,112,8,8,-,-,-,1,3,-,-
נירית,1236,587,504,51,44,7,-,-,1,31,-,-
נתיב העשרה,1242,476,357,88,71,13,4,-,-,29,-,2
נצר חזני,1372,158,137,19,15,1,3,1,-,1,-,-
נשר,2500,9058,8084,639,379,171,89,-,65,259,4,7
נתיב הגדוד,3555,127,92,34,26,8,-,-,-,-,-,1
נירן,3620,14,10,3,3,-,-,-,-,1,-,-
"נעמ""ה",3713,98,68,29,20,8,1,-,-,1,-,-
נעלה,3787,652,568,41,37,4,-,-,4,39,-,-
נס ציונה,7200,19180,17090,1222,891,238,93,8,132,713,10,5
נצרת,7300,31370,25144,4765,3493,794,478,475,153,649,52,132
סעד,419,226,189,20,13,7,-,-,-,16,1,-
סער,454,301,260,27,20,4,3,-,-,14,-,-
סאג'ור,525,1474,1299,121,92,20,9,-,35,10,-,9
סולם,526,1049,854,162,119,27,16,3,1,21,4,4
סאסא,578,154,114,36,31,3,2,-,-,4,-,-
סביון*,587,2814,2534,154,130,20,4,-,-,126,-,-
סתרייה,610,586,466,80,52,28,-,-,-,34,3,3
עבדון,892,381,303,65,52,5,8,-,2,11,-,-
סואעד (חמרייה)*,942,49,38,11,11,-,-,-,-,-,-,-
סמר,1156,34,22,10,10,-,-,-,-,2,-,-
ספיר,1176,180,131,31,27,4,-,10,1,7,-,-
סופה,1238,97,84,6,6,-,-,-,-,7,-,-
סלמה,1245,1143,964,148,111,6,31,10,-,9,-,12
סעוה,1360,91,60,28,25,2,1,-,-,-,-,3
סגולה,2046,301,250,35,26,9,-,-,-,16,-,-
סלעית,3567,422,355,44,36,7,1,-,-,23,-,-
סוסיה,3756,324,276,43,34,8,1,-,-,5,-,-
סנסנה,3777,113,100,12,12,-,-,-,-,1,-,-
נתניה,7400,73884,63917,5239,3834,1027,378,114,816,3575,63,160
סח'נין,7500,12462,10410,1675,1345,216,114,70,86,108,4,109
עוצם,32,221,184,29,25,2,2,-,3,5,-,-
עיינות,156,53,32,6,4,-,2,9,-,6,-,-
עזוז,328,46,23,17,14,3,-,-,-,4,-,2
עברון,376,230,183,39,33,5,1,-,-,8,-,-
עוזייר,528,837,671,146,121,14,11,5,-,-,-,15
עיילבון,530,2437,2067,297,212,57,28,17,10,32,2,12
עומר,666,5014,4381,446,299,67,80,9,3,115,26,34
עזריה,711,558,423,119,62,51,6,-,1,13,-,2
עולש,737,552,450,78,62,14,2,-,-,22,1,1
עגור,794,250,152,40,26,5,9,-,52,4,-,2
עופר,810,277,206,58,49,9,-,-,-,9,2,2
עזריקם,817,625,476,128,60,32,36,2,1,16,1,1
עוזה,826,211,157,50,23,6,21,-,2,1,-,1
עזריאל,837,407,348,41,39,2,-,-,-,16,-,2
עזר,1149,375,344,23,17,6,-,-,1,7,-,-
עידן,1175,199,116,69,61,8,-,-,-,14,-,-
עדי,1199,1012,937,53,44,9,-,-,2,20,-,-
עדנים,2035,277,201,58,42,9,7,-,1,17,-,-
עטרת,3658,141,126,11,9,2,-,-,-,4,-,-
ע'ג'ר,4501,691,559,105,71,27,7,5,4,5,-,13
עין הוד,74,292,256,29,25,4,-,-,1,6,-,-
עין חרוד (מאוחד),82,272,229,35,26,8,1,-,-,8,-,-
עין חרוד (איחוד),89,212,168,30,20,9,1,-,-,14,-,-
עין ורד,157,774,625,120,99,16,5,-,2,27,-,-
עין החורש,167,334,294,24,19,5,-,-,-,16,-,-
עין השופט,270,200,175,17,10,7,-,-,-,8,-,-
עין גב,273,178,153,18,16,2,-,-,-,7,-,-
עין המפרץ,289,339,257,72,31,4,37,-,-,10,-,-
עין העמק,367,416,321,74,29,10,35,-,1,20,-,-
"עין הנצי""ב",383,183,149,24,14,8,2,-,-,10,-,-
עין דור,436,311,289,18,15,3,-,-,-,4,-,-
עילוט,511,2691,1876,785,488,199,98,2,-,21,1,6
עין אל-אסד,546,363,311,46,44,1,1,-,-,3,-,3
עין השלושה,676,89,81,7,5,2,-,-,-,1,-,-
עין איילה,687,508,420,69,48,13,8,-,-,17,2,-
עין יהב,806,393,206,147,129,16,2,-,-,40,-,-
עין הבשור,1240,690,464,182,119,48,15,1,-,42,-,1
עין חוד,1320,97,69,24,23,1,-,-,-,1,1,2
עין גדי,2042,180,120,12,8,4,-,-,1,47,-,-
עין זיוון,4503,174,130,36,32,4,-,-,3,4,-,1
עין שמר,139,226,199,18,18,-,-,2,-,6,-,1
עין עירון,223,314,240,58,44,13,1,-,-,16,-,-
עין כרמל,426,278,239,22,19,2,1,12,-,1,3,1
עין ראפה,514,391,306,68,43,14,11,-,-,13,-,4
עין נקובא,521,999,744,160,102,36,22,1,3,73,7,11
עין מאהל,532,3996,3384,542,462,45,35,14,14,25,5,12
עין צורים,622,210,187,19,13,5,1,-,-,3,-,1
עלמה,688,336,270,57,44,4,9,-,1,4,-,4
עין יעקב,813,461,386,59,45,8,6,-,-,16,-,-
עינת,871,498,343,144,32,104,8,-,-,8,2,1
עין שריד,880,763,626,88,62,18,8,-,3,46,-,-
"עין כרם-בי""ס חקלאי",1056,10,9,1,1,-,-,-,-,-,-,-
עלומים,1146,120,88,23,21,2,-,-,-,9,-,-
עמוקה,1212,103,84,15,10,5,-,-,-,4,-,-
עין תמר,1251,97,70,19,19,-,-,-,-,8,-,-
עלמון,3715,602,529,39,23,13,3,1,4,29,-,-
עלי זהב,3727,716,636,44,35,7,2,1,-,35,-,-
עלי,3765,870,803,46,41,5,-,-,2,19,-,-
עין קנייא,4502,964,721,221,187,20,14,1,1,4,-,16
עכו,7600,16307,14247,1321,879,263,179,17,96,578,11,37
עמיעוז,318,186,123,55,33,7,15,-,-,7,1,-
עמיר,319,239,211,14,12,2,-,-,-,11,-,3
עמיעד,385,152,131,18,12,6,-,-,-,3,-,-
עראבה,531,9126,7370,1576,1220,214,142,23,19,78,11,49
עספיא,534,4958,4198,598,492,82,24,20,31,55,8,48
ערוגות,593,536,404,110,70,23,17,-,4,18,-,-
ערערה,637,7544,6046,1245,1010,127,108,29,18,176,6,24
עמקה,708,387,302,48,39,7,2,24,-,13,-,-
עמיקם,773,374,280,71,54,14,3,3,-,19,-,1
עמינדב,779,430,368,42,21,8,13,-,1,19,-,-
עצמון שגב,917,484,431,21,17,4,-,6,-,8,-,18
ערערה-בנגב,1192,2523,1873,606,458,53,95,1,3,3,-,37
עראמשה*,1246,502,430,58,53,5,-,-,8,6,-,-
ערב אל נעים,1335,139,96,40,39,-,1,-,-,-,-,3
ערד,2560,9094,7013,1588,1293,95,200,123,52,151,4,163
עפרה,3617,852,765,74,54,19,1,-,-,12,-,1
עמנואל,3660,542,450,69,51,13,5,-,2,21,-,-
ענב,3712,235,208,21,19,2,-,-,-,6,-,-
עץ אפרים,3778,738,656,42,38,3,1,3,-,36,1,-
עפולה,7700,16940,14949,1301,863,237,201,134,68,431,21,36
עתלית,53,2881,2582,221,169,45,7,-,6,72,-,-
פסוטה,535,1481,1235,201,160,26,15,1,29,10,3,2
פוריידיס,537,4124,3356,597,434,78,85,12,2,118,1,38
עשרת,591,608,517,65,42,11,12,5,-,20,-,1
פלמחים,597,378,304,52,23,6,23,-,-,21,1,-
פטיש,749,407,316,83,44,9,30,-,-,7,-,1
פדויים,750,183,152,23,18,3,2,-,1,5,-,2
פורת,767,614,456,127,102,12,13,-,-,30,-,1
פדיה,838,395,315,64,41,17,6,-,4,10,-,2
פורייה - כפר עבודה,1104,183,152,20,10,8,2,-,1,7,-,3
פורייה - נווה עובד,1105,562,472,65,52,10,3,2,2,19,-,2
פארן,1151,322,196,91,88,3,-,-,-,35,-,-
פלך,1185,30,29,1,-,1,-,-,-,-,-,-
פורייה עילית,1313,560,488,45,34,9,2,1,1,22,-,3
"פעמי תש""ז",2059,207,173,27,13,4,10,3,2,1,-,1
פצאל,3615,197,130,58,44,13,1,-,-,8,-,1
פסגות,3659,806,549,169,111,52,6,62,-,22,2,2
פני חבר,3723,75,64,11,10,1,-,-,-,-,-,-
עתניאל,3748,310,188,70,51,18,1,49,-,3,-,-
פדואל,3768,502,457,39,34,5,-,-,-,6,-,-
פרדסייה,171,3243,2885,225,150,35,40,-,13,113,4,3
צופית,198,533,429,76,50,21,5,-,3,24,-,1
פקיעין חדשה,281,266,163,29,15,11,3,1,30,6,-,37
צאלים,413,110,88,19,16,3,-,-,-,3,-,-
צובה,465,190,153,34,27,5,2,-,-,3,-,-
פקיעין (בוקייעה),536,2718,2057,352,266,46,40,184,57,24,2,42
פרוד,599,234,215,15,12,1,2,-,-,4,-,-
פתחיה,839,450,365,64,31,31,2,-,-,20,1,-
צוקי ים,1102,101,87,10,8,1,1,-,-,4,-,-
צור הדסה,1113,2793,2533,157,128,19,10,1,4,92,-,6
צוחר,1136,319,254,53,25,7,21,1,2,8,-,1
צופר,1150,281,178,85,79,6,-,1,-,16,-,1
צביה,1180,144,128,15,14,1,-,-,-,1,-,-
צבעון,1213,51,37,14,13,1,-,-,-,-,-,-
פרי גן,1231,129,103,18,13,1,4,-,-,7,-,1
צוקים,1262,133,99,30,29,1,-,-,-,4,-,-
פרזון,2053,178,140,32,24,3,5,-,-,4,-,2
צופים,3791,831,723,54,42,12,-,-,5,44,-,5
פרדס חנה-כרכור,7800,16142,13957,1420,998,219,203,78,77,524,6,80
פתח תקווה,7900,93767,78248,8762,4490,3569,703,162,819,5462,127,187
קדימה-צורן,195,9517,7953,911,570,291,50,30,62,469,10,82
צור משה,276,1131,982,101,78,19,4,-,2,45,-,1
קבוצת יבנה,334,231,171,34,17,5,12,4,1,18,-,3
צרעה,567,308,274,18,17,1,-,-,1,15,-,-
צפרייה,594,401,325,30,23,6,1,-,-,46,-,-
צרופה,612,552,380,99,51,29,19,42,1,18,-,12
ציפורי,613,482,383,85,65,18,2,-,-,12,-,2
קדרון,615,823,659,139,98,38,3,1,-,21,-,3
צנדלה,636,670,553,109,89,11,9,-,-,8,-,-
צוריאל,774,203,155,39,29,5,5,-,-,9,-,-
צלפון,796,390,317,62,36,17,9,-,4,5,-,2
צפרירים,1079,198,163,24,15,8,1,-,3,8,-,-
צור נתן,1148,152,120,27,21,6,-,-,-,5,-,-
קדרים,1211,82,78,4,3,1,-,-,-,-,-,-
צורית,1221,408,371,25,20,5,-,-,-,12,-,-
צור יצחק,1345,2033,1862,82,65,15,2,-,9,77,2,1
קדומים,3557,1331,1184,111,89,19,3,-,2,32,1,1
קדר,3781,656,586,38,30,8,-,-,5,26,-,1
קדמת צבי,4025,245,206,35,31,4,-,-,-,4,-,-
צפת,8000,8402,7074,734,598,101,35,67,126,342,3,56
קלחים,414,225,185,36,28,5,3,-,-,4,-,-
קלנסווה,638,8156,6430,1439,1063,166,210,20,7,183,7,70
קוממיות,766,51,39,12,11,1,-,-,-,-,-,-
קטורה,1052,43,28,11,11,-,-,-,-,4,-,-
קריית יערים,1137,778,681,62,58,4,-,-,-,33,-,2
קיסריה,1167,4212,3462,601,258,226,117,-,3,91,50,5
קורנית,1179,362,327,22,19,2,1,-,1,12,-,-
קציר,1243,1227,1090,99,81,11,7,-,-,38,-,-
קצר א-סר,1347,177,130,44,39,-,5,-,-,1,-,2
קריית יערים (מוסד),2039,13,10,3,2,1,-,-,-,-,-,-
קריית טבעון,2300,7859,7111,513,395,90,28,10,36,166,2,21
קריית אונו,2620,15992,14091,740,561,141,38,12,122,1001,11,15
קריית גת,2630,15000,13005,1289,850,281,158,134,144,295,10,123
קליה,3601,173,140,22,20,2,-,-,-,11,-,-
קריית ארבע,3611,1540,1326,161,134,24,3,1,5,40,-,7
קלע,4024,118,97,17,13,4,-,-,-,4,-,-
קצרין,4100,2930,2547,251,208,37,6,25,9,67,2,29
קריית אתא,6800,20837,18272,1674,966,450,258,63,104,613,9,102
קריית ביאליק,9500,14977,13428,1103,635,347,121,2,66,337,19,22
קריית ים,9600,11688,10683,630,440,132,58,4,88,250,12,21
ראש פינה,26,1731,1436,216,155,48,13,-,3,69,1,6
קריית ענבים,78,126,112,8,5,3,-,-,-,6,-,-
רביבים,354,160,113,21,14,2,5,8,-,18,-,-
רגבה,390,459,399,44,37,6,1,-,2,13,-,1
קריית עקרון,469,4651,3887,507,320,83,104,5,52,154,33,13
ראמה,543,3539,2998,472,366,48,58,-,8,36,2,23
רבדים,564,279,232,31,25,4,2,-,-,14,2,-
ראס עלי,990,199,132,65,54,7,4,-,-,2,-,-
קריית מלאכי,1034,7501,6209,1027,471,214,342,48,31,98,15,73
רביד,1225,43,37,6,5,1,-,-,-,-,-,-
ראס אל-עין,1334,120,96,21,12,2,7,-,-,3,-,-
ראש העין,2640,25782,21234,2452,1180,952,320,698,151,1140,9,98
קריית שמונה,2800,8909,7620,832,485,159,188,80,47,261,5,64
ראש צורים,3602,241,220,16,16,-,-,-,-,5,-,-
קרני שומרון,3640,2725,2399,221,171,40,10,2,9,85,4,5
קריית נטפים,3746,237,196,21,20,1,-,-,-,19,-,1
רבבה,3795,558,513,30,26,3,1,-,-,14,-,1
קשת,4006,235,191,31,26,3,2,-,-,13,-,-
קריית מוצקין,8200,15363,14141,737,509,181,47,4,139,287,15,40
ראשון לציון,8300,120876,104058,9415,6149,2402,864,318,1285,4816,689,295
רמות השבים,206,900,746,91,69,16,6,-,1,62,-,-
רוחמה,362,212,194,17,10,5,2,-,-,1,-,-
רגבים,444,200,166,26,22,4,-,-,-,7,-,1
רומאנה,539,307,243,48,45,2,1,-,1,1,-,14
ריחאנייה,540,581,497,55,48,5,2,-,-,26,-,3
ריינה,542,5923,4712,1055,768,184,103,19,9,65,37,26
רינתיה,616,601,408,152,49,34,69,-,1,29,11,-
רחוב,854,262,161,91,20,22,49,5,-,3,-,2
רכסים,922,1707,1490,154,125,24,5,1,3,43,-,16
רומת הייב,997,666,566,89,67,2,20,2,5,2,1,1
רם-און,1069,447,364,66,53,9,4,-,-,17,-,-
רהט,1161,14533,10213,3563,2259,448,856,39,13,56,16,633
רוויה,2016,169,129,35,22,5,8,-,-,5,-,-
רווחה,2051,275,213,50,16,15,19,2,-,2,-,8
רימונים,3565,275,235,25,15,8,2,-,5,9,-,1
ריחן,3568,108,93,12,10,2,-,-,-,3,-,-
רועי,3619,93,66,24,18,6,-,-,1,2,-,-
רותם,3782,57,44,12,10,2,-,-,-,-,-,1
רחלים,3822,171,156,15,15,-,-,-,-,-,-,-
רחובות,8400,49158,43724,3003,2182,520,301,102,543,1615,41,130
רמת ישי,122,3614,3244,271,187,35,49,-,4,93,1,1
רמת רחל,127,157,120,6,5,1,-,-,-,31,-,-
רמת דוד,135,203,177,21,14,7,-,-,-,5,-,-
רמת יוחנן,178,280,232,42,30,6,6,-,-,6,-,-
רמת הכובש,184,339,287,35,18,10,7,-,-,17,-,-
רמת השופט,335,367,318,30,25,5,-,-,-,19,-,-
רמת צבי,339,311,231,68,54,14,-,-,-,12,-,-
רמות נפתלי,372,300,236,43,35,7,1,-,-,19,1,1
רמות מנשה,445,424,377,25,20,5,-,-,-,22,-,-
רמת רזיאל,460,314,285,15,14,1,-,-,-,14,-,-
רעים,713,163,122,28,16,12,-,-,-,13,-,-
רמות מאיר,735,342,299,31,22,8,1,-,-,12,-,-
רנן,789,264,227,32,18,4,10,-,-,3,-,2
רקפת,1228,385,359,19,19,-,-,-,-,7,-,-
רמת השרון,2650,22532,19966,1143,909,193,41,7,107,1276,27,6
רמת מגשימים,4701,265,217,45,37,6,2,-,-,3,-,-
רמות,4702,345,241,90,79,10,1,-,-,14,-,-
רמלה,8500,28208,21929,4325,1693,1176,1456,680,365,611,52,246
רמת גן,8600,96770,84436,3877,3021,648,208,25,569,7743,61,59
רעננה,8700,33407,30287,1584,1255,261,68,39,119,1344,12,22
שדה משה,18,308,233,57,38,10,9,-,-,17,1,-
שדה דוד,36,285,190,61,26,20,15,15,1,5,-,13
שדה יעקב,142,357,308,40,34,3,3,-,-,9,-,-
רשפון,247,744,577,112,74,36,2,-,-,54,-,1
שדה נחום,259,302,254,39,26,13,-,-,-,8,1,-
שבי ציון,282,516,454,39,33,6,-,-,-,21,-,2
שדה ורבורג,284,730,592,63,46,17,-,50,1,21,-,3
שדה יואב,293,165,140,14,12,2,-,-,1,10,-,-
שדה אליהו,304,171,139,31,26,5,-,-,-,1,-,-
שאר ישוב,324,273,233,34,32,2,-,-,-,6,-,-
שדה נחמיה,329,439,382,41,36,3,2,-,1,15,-,-
רשפים,437,294,259,23,17,6,-,-,-,12,-,-
שדה אילן,721,290,211,70,24,19,27,-,-,9,-,-
שדה אליעזר,861,439,352,71,57,13,1,1,-,13,-,2
שדה בוקר,885,148,103,37,32,3,2,-,-,8,-,-
שבלי - אום אל-גנם,913,2544,1781,654,265,162,227,6,7,48,4,44
רתמים,1260,121,108,9,9,-,-,-,-,4,-,-
שגב-שלום,1286,1832,1356,393,329,40,24,32,2,14,1,34
שדה יצחק,2008,291,207,56,39,16,1,1,-,17,-,10
שבי שומרון,3571,276,230,28,23,5,-,-,-,13,-,5
שדות מיכה,27,177,136,14,8,6,-,3,4,6,1,13
שדמות דבורה,306,319,243,60,52,7,1,-,-,16,-,-
שדות ים,327,371,300,44,40,4,-,-,-,26,1,-
שובל,394,272,243,18,17,1,-,-,-,11,-,-
שוקדה,415,151,127,20,13,4,3,1,-,3,-,-
שורש,456,631,568,43,22,2,19,-,-,20,-,-
שדמה,555,296,230,34,27,7,-,-,-,32,-,-
שומרה,614,195,155,26,17,5,4,-,-,14,-,-
שדה עוזיהו,739,808,513,266,97,61,108,-,2,16,3,8
שואבה,741,314,281,23,19,4,-,-,3,7,-,-
שובה,761,328,256,67,43,9,15,-,-,4,-,1
שדרות,1031,8416,6995,904,612,175,117,133,126,149,18,91
שדה ניצן,1058,189,135,45,31,5,9,-,-,9,-,-
שדי אברהם,1223,149,116,27,16,11,-,-,-,5,1,-
שומרייה,1265,146,121,20,17,3,-,1,-,3,-,1
שוהם,1304,8720,7952,402,310,76,16,4,35,313,2,12
שדי חמד,2015,717,571,104,66,37,1,-,2,30,10,-
שדה צבי,2049,266,231,30,22,6,2,-,-,5,-,-
שדי תרומות,2057,268,225,41,33,4,4,-,-,2,-,-
שדמות מחולה,3578,180,157,19,19,-,-,-,-,4,-,-
שחר,7,300,245,45,24,18,3,1,1,8,-,-
שושנת העמקים,224,233,176,32,22,6,4,-,-,25,-,-
שמיר,366,298,241,20,19,1,-,-,-,37,-,-
שמרת,432,196,170,18,14,4,-,-,-,8,-,-
שלוחות,439,148,112,29,24,4,1,-,-,7,-,-
שזור,527,309,158,100,19,2,79,26,3,3,-,19
שייח' דנון,658,1047,820,163,130,16,17,1,4,52,-,7
שלומי,812,2491,2145,196,160,28,8,20,6,106,2,16
שיבולים,865,157,129,28,16,6,6,-,-,-,-,-
שלווה,873,206,159,43,23,13,7,-,-,2,-,2
שניר,1132,258,214,28,22,5,1,-,-,16,-,-
שכניה,1160,324,292,26,23,3,-,-,-,6,-,-
שילת,1165,458,387,52,41,10,1,-,-,18,-,1
שורשים,1235,213,198,10,8,1,1,-,-,5,-,-
שחרות,1266,68,43,22,21,1,-,-,-,3,-,-
שני,1287,207,182,19,15,4,-,-,1,5,-,-
שמשית,1337,914,846,48,42,6,-,-,-,18,1,1
שלומית,1364,62,54,7,5,2,-,-,-,1,-,-
שילה,3641,897,742,127,114,12,1,-,1,24,-,3
שמעה,3784,218,189,20,18,1,1,-,-,8,1,-
שריד,126,365,304,40,30,6,4,-,1,20,-,-
שפיים,232,527,473,35,27,4,4,-,-,19,-,-
שער העמקים,237,273,220,38,17,15,6,-,-,15,-,-
שער הגולן,264,156,128,22,17,1,4,-,-,6,-,-
שרונה,292,290,235,46,32,8,6,-,-,8,1,-
שרשרת,398,144,105,30,17,9,4,5,-,1,-,3
שעב,538,2486,2072,359,293,52,14,-,3,27,-,25
שער אפרים,661,834,710,86,68,15,3,-,2,36,-,-
שפיר,692,385,299,73,42,19,12,5,1,7,-,-
שתולים,763,806,718,60,42,6,12,1,12,15,-,-
שפר,846,202,158,38,18,5,15,-,1,5,-,-
שעלבים,856,344,312,29,27,2,-,-,-,3,-,-
שער מנשה,921,1,1,-,-,-,-,-,-,-,-,-
שתולה,1045,156,127,21,17,1,3,-,-,8,-,-
שריגים (לי-און),1114,470,399,53,44,6,3,-,1,17,-,-
שקף,1233,203,152,42,26,13,3,-,1,8,-,-
שקד,3649,486,408,54,32,16,6,-,-,24,-,-
שערי תקווה,3720,2456,2131,198,165,32,1,-,18,108,-,1
שעל,4009,208,154,47,40,7,-,-,-,6,-,1
שפרעם,8800,15798,13179,2236,1809,295,132,39,44,205,45,50
תירוש,10,183,153,22,14,7,1,2,-,4,-,2
תל יוסף,84,280,173,99,31,4,64,-,-,8,-,-
תל עדשים,103,547,418,92,75,11,6,-,-,37,-,-
תל מונד,154,5618,4890,478,350,97,31,14,11,195,8,22
תימורים,163,436,369,59,23,17,19,-,-,8,-,-
תל יצחק,287,516,367,140,27,14,99,-,1,7,1,-
תל קציר,719,163,137,21,17,3,1,-,-,5,-,-
תלמי אליהו,1051,151,109,35,27,7,1,-,-,7,-,-
תל שבע,1054,3705,2772,808,660,75,73,14,-,18,31,62
תושייה,1083,146,141,5,4,1,-,-,-,-,-,-
תובל,1172,118,104,11,11,-,-,-,-,3,-,-
תלמי יוסף,1237,177,129,39,29,8,2,-,-,9,-,-
תל תאומים,1283,198,175,17,12,3,2,-,-,5,1,-
תלמי אלעזר,2003,461,387,51,39,9,3,3,-,18,-,2
"תלמי ביל""ו",2050,256,195,53,23,13,17,-,4,4,-,-
תדהר,2061,331,213,55,27,12,16,1,51,8,-,3
תאשור,2062,190,149,37,20,12,5,-,-,4,-,-
תומר,3558,217,150,56,47,9,-,-,-,11,-,-
תלם,3719,173,112,47,21,23,3,3,-,3,-,8
תל אביב -יפו,5000,280117,232492,18981,12491,4761,1729,1712,1418,23741,1319,454
תקומה,665,312,260,48,25,4,19,-,-,4,-,-
תפרח,709,251,210,28,23,5,-,1,1,10,-,1
תלמי יחיאל,727,413,337,59,39,16,4,-,2,15,-,-
תלמי יפה,744,287,253,26,18,8,-,-,-,8,-,-
תעוז,752,222,201,16,13,3,-,-,2,3,-,-
תרום,778,329,287,36,30,6,-,-,3,3,-,-
תלמים,814,314,219,90,48,33,9,-,-,2,-,3
תמרת,1244,844,773,43,38,5,-,-,-,25,-,3
תרבין א-צאנע (יישוב)*,1346,95,63,32,26,1,5,-,-,-,-,-
תנובות,2002,478,362,60,36,13,11,34,2,17,-,3
תקוע,3563,1080,948,104,96,7,1,-,1,25,-,2
